insert into TBL_account(username, usertype) values('stud001','Student') 
insert into TBL_account(username, usertype) values('stud002','Student') 
insert into TBL_account(username, usertype) values('stud003','Student') 
insert into TBL_account(username, usertype) values('stud004','Student') 
insert into TBL_account(username, usertype) values('stud005','Student') 
insert into TBL_account(username, usertype) values('stud006','Student') 
insert into TBL_account(username, usertype) values('staff0001','Staff') 
insert into TBL_account(username, usertype) values('staff0002','Staff')
insert into TBL_account(username, usertype) values('staff0003','Staff')
insert into TBL_account(username, usertype) values('staff0004','Staff')


insert into TBL_role(roleid,rolename) values('Stud','Student')
insert into TBL_role(roleid,rolename) values('Inst','Instructor')
insert into TBL_role(roleid,rolename) values('Head','Head')
insert into TBL_role(roleid,rolename) values('Dean','dean')
insert into TBL_role(roleid,rolename) values('Admin','Administrator')


insert into tbl_userrole(userroleid,username, roleid) values('studur1','stud001', 'Stud') 
insert into tbl_userrole(userroleid,username, roleid) values('studur2','stud002', 'Stud')
insert into tbl_userrole(userroleid,username, roleid) values('studur3','stud003', 'Stud') 
insert into tbl_userrole(userroleid,username, roleid) values('studur4','stud004', 'Stud')


insert into tbl_userrole(userroleid,username, roleid) values('staffur2','staff0002', 'Inst')
insert into tbl_userrole(userroleid,username, roleid) values('staffur1','staff0001', 'Admin')

insert into TBL_menu(menuid,parentid,menuname,menulink) values(0,-1,'Home','')
insert into TBL_menu(menuid,parentid,menuname,menulink) values(1,-1,'Abcd','')
insert into TBL_menu(menuid,parentid,menuname,menulink) values(2,-1,'Report','')
insert into TBL_menu(menuid,parentid,menuname,menulink) values(3,2,'DepartmentLevel','')
insert into TBL_menu(menuid,parentid,menuname,menulink) values(4,3,'Student Related','')
insert into TBL_menu(menuid,parentid,menuname,menulink) values(5,3,'CourseRelated','')
insert into TBL_menu(menuid,parentid,menuname,menulink) values(6,-1,'Manage Account','')
insert into TBL_menu(menuid,parentid,menuname,menulink) values(7,6,'CreateAccount','CreateAccount')
insert into TBL_menu(menuid,parentid,menuname,menulink) values(8,6,'Assign Role','AssignRole')
insert into TBL_menu(menuid,parentid,menuname,menulink) values(9,-1,'GreadeEnty','')
insert into TBL_menu(menuid,parentid,menuname,menulink) values(10,9,'Normal Grade','NormalGrade')
insert into TBL_menu(menuid,parentid,menuname,menulink) values(11,9,'Sup Grade','SupGreade')
insert into TBL_menu(menuid,parentid,menuname,menulink) values(12,-1,'Registration','')
insert into TBL_menu(menuid,parentid,menuname,menulink) values(13,-1,'Info','')
insert into TBL_menu(menuid,parentid,menuname,menulink) values(14,13,'ContactUs','Contact')
insert into TBL_menu(menuid,parentid,menuname,menulink) values(15,13,'AboutUs','About')




insert into TBL_usermenu(username , menuid,status) values('staff0001',0,'1')
insert into TBL_usermenu(username , menuid,status) values('staff0001',1,'1')
insert into TBL_usermenu(username , menuid,status) values('staff0001',2,'1')
insert into TBL_usermenu(username , menuid,status) values('staff0001',3,'1')
insert into TBL_usermenu(username , menuid,status) values('staff0001',4,'1')
insert into TBL_usermenu(username , menuid,status) values('staff0001',5,'1')
insert into TBL_usermenu(username , menuid,status) values('staff0001',6,'1')
insert into TBL_usermenu(username , menuid,status) values('staff0001',7,'1')
insert into TBL_usermenu(username , menuid,status) values('staff0001',8,'1')
insert into TBL_usermenu(username , menuid,status) values('staff0001',9,'1')
insert into TBL_usermenu(username , menuid,status) values('staff0001',10,'1')
insert into TBL_usermenu(username , menuid,status) values('staff0001',11,'1')
insert into TBL_usermenu(username , menuid,status) values('staff0001',12,'1')
insert into TBL_usermenu(username , menuid,status) values('staff0001',13,'1')
insert into TBL_usermenu(username , menuid,status) values('staff0001',14,'1')
insert into TBL_usermenu(username , menuid,status) values('staff0001',15,'1')


insert into TBL_usermenu(username , menuid,status) values('staff0002',0,'1')
insert into TBL_usermenu(username , menuid,status) values('staff0002',1,'1')
insert into TBL_usermenu(username , menuid,status) values('staff0002',2,'1')
insert into TBL_usermenu(username , menuid,status) values('staff0002',3,'1')
insert into TBL_usermenu(username , menuid,status) values('staff0002',4,'1')
insert into TBL_usermenu(username , menuid,status) values('staff0002',5,'1')
insert into TBL_usermenu(username , menuid,status) values('staff0002',6,'0')
insert into TBL_usermenu(username , menuid,status) values('staff0002',7,'0')
insert into TBL_usermenu(username , menuid,status) values('staff0002',8,'0')
insert into TBL_usermenu(username , menuid,status) values('staff0002',9,'1')
insert into TBL_usermenu(username , menuid,status) values('staff0002',10,'1')
insert into TBL_usermenu(username , menuid,status) values('staff0002',11,'1')
insert into TBL_usermenu(username , menuid,status) values('staff0002',12,'1')
insert into TBL_usermenu(username , menuid,status) values('staff0002',13,'1')
insert into TBL_usermenu(username , menuid,status) values('staff0002',14,'1')
insert into TBL_usermenu(username , menuid,status) values('staff0002',15,'1')


insert into TBL_usermenu(username , menuid,status) values('stud001',0,'1')
insert into TBL_usermenu(username , menuid,status) values('stud001',1,'1')
insert into TBL_usermenu(username , menuid,status) values('stud001',2,'0')
insert into TBL_usermenu(username , menuid,status) values('stud001',3,'0')
insert into TBL_usermenu(username , menuid,status) values('stud001',4,'0')
insert into TBL_usermenu(username , menuid,status) values('stud001',5,'0')
insert into TBL_usermenu(username , menuid,status) values('stud001',6,'0')
insert into TBL_usermenu(username , menuid,status) values('stud001',7,'0')
insert into TBL_usermenu(username , menuid,status) values('stud001',8,'0')
insert into TBL_usermenu(username , menuid,status) values('stud001',9,'0')
insert into TBL_usermenu(username , menuid,status) values('stud001',10,'0')
insert into TBL_usermenu(username , menuid,status) values('stud001',11,'0')
insert into TBL_usermenu(username , menuid,status) values('stud001',12,'0')
insert into TBL_usermenu(username , menuid,status) values('stud001',13,'1')
insert into TBL_usermenu(username , menuid,status) values('stud001',14,'1')
insert into TBL_usermenu(username , menuid,status) values('stud001',15,'1')



insert into tbl_rolemenu(roleid , menuid,status) values('Stud',0,'1')
insert into tbl_rolemenu(roleid , menuid,status) values('Stud',1,'1')
insert into tbl_rolemenu(roleid , menuid,status) values('Stud',2,'0')
insert into tbl_rolemenu(roleid , menuid,status) values('Stud',3,'0')
insert into tbl_rolemenu(roleid , menuid,status) values('Stud',4,'0')
insert into tbl_rolemenu(roleid , menuid,status) values('Stud',5,'0')
insert into tbl_rolemenu(roleid , menuid,status) values('Stud',6,'0')
insert into tbl_rolemenu(roleid , menuid,status) values('Stud',7,'0')
insert into tbl_rolemenu(roleid , menuid,status) values('Stud',8,'0')
insert into tbl_rolemenu(roleid , menuid,status) values('Stud',9,'0')
insert into tbl_rolemenu(roleid , menuid,status) values('Stud',10,'0')
insert into tbl_rolemenu(roleid , menuid,status) values('Stud',11,'0')
insert into tbl_rolemenu(roleid , menuid,status) values('Stud',12,'0')
insert into tbl_rolemenu(roleid, menuid,status) values('Stud',13,'1')
insert into tbl_rolemenu(roleid, menuid,status) values('Stud',14,'1')
insert into tbl_rolemenu(roleid, menuid,status) values('Stud',15,'1')

insert into tbl_rolemenu(roleid , menuid,status) values('Inst',0,'1')
insert into tbl_rolemenu(roleid , menuid,status) values('Inst',1,'1')
insert into tbl_rolemenu(roleid , menuid,status) values('Inst',2,'0')
insert into tbl_rolemenu(roleid , menuid,status) values('Inst',3,'0')
insert into tbl_rolemenu(roleid , menuid,status) values('Inst',4,'0')
insert into tbl_rolemenu(roleid , menuid,status) values('Inst',5,'0')
insert into tbl_rolemenu(roleid , menuid,status) values('Inst',6,'0')
insert into tbl_rolemenu(roleid , menuid,status) values('Inst',7,'0')
insert into tbl_rolemenu(roleid , menuid,status) values('Inst',8,'0')
insert into tbl_rolemenu(roleid , menuid,status) values('Inst',9,'0')
insert into tbl_rolemenu(roleid , menuid,status) values('Inst',10,'0')
insert into tbl_rolemenu(roleid , menuid,status) values('Inst',11,'0')
insert into tbl_rolemenu(roleid , menuid,status) values('Inst',12,'0')
insert into tbl_rolemenu(roleid, menuid,status) values('Inst',13,'1')
insert into tbl_rolemenu(roleid, menuid,status) values('Inst',15,'1')
insert into tbl_rolemenu(roleid, menuid,status) values('Inst',14,'1')

